{"cameraMode":{"drawMode":0,"name":"Shaded","section":"Shading Mode"},"sceneLighting":true,"audioPlay":false,"sceneViewState":{"m_AlwaysRefresh":false,"showFog":true,"showSkybox":true,"showFlares":true,"showImageEffects":true,"showParticleSystems":true,"showVisualEffectGraphs":true,"m_FxEnabled":true},"in2DMode":false,"pivot":{"x":8.551608085632325,"y":1.7645549774169922,"z":-22.410051345825197},"rotation":{"x":0.05146641656756401,"y":0.8344200253486633,"z":-0.07908821851015091,"w":0.5429940223693848},"size":7.661940574645996,"orthographic":false}